{"sections":{"cart-items":{"type":"main-cart-items","settings":{"padding_top":36,"padding_bottom":36}},"cart-footer":{"type":"main-cart-footer","blocks":{"subtotal":{"type":"subtotal","settings":{}},"buttons":{"type":"buttons","settings":{}},"624b19e6-877c-4e88-a799-e115db633b61":{"type":"shopify:\/\/apps\/discount-ninja\/blocks\/discountninja-app-blocks-cart-promotioncode-field\/b9a933ba-e276-459f-a4bf-3571d5a1e81c","disabled":true,"settings":{}},"5965698b-aeab-4a7b-8b74-bb12ddda694a":{"type":"shopify:\/\/apps\/discount-ninja\/blocks\/discountninja-app-blocks-cart-promotion-summary\/b9a933ba-e276-459f-a4bf-3571d5a1e81c","disabled":true,"settings":{}}},"block_order":["subtotal","buttons","624b19e6-877c-4e88-a799-e115db633b61","5965698b-aeab-4a7b-8b74-bb12ddda694a"],"settings":{}},"a492f292-af47-4d5e-8f89-9ad75770708b":{"type":"rich-text","blocks":{"template--18288589963571__a492f292-af47-4d5e-8f89-9ad75770708b-heading-1":{"type":"heading","settings":{"heading":"<p>Offer Code<\/p>","heading_size":"h1"}},"template--18288589963571__a492f292-af47-4d5e-8f89-9ad75770708b-text-1":{"type":"text","settings":{"text":"<p>XMAS23 - 15% on Christmas collection<\/p><p>NEWUSER - 10% off for new users<\/p><p>LINEN12 - 12% for returning customers valid for one use<\/p>"}},"template--18288589963571__a492f292-af47-4d5e-8f89-9ad75770708b-button-1":{"type":"button","disabled":true,"settings":{"button_label":"Button label","button_link":"","button_style_secondary":false,"button_label_2":"","button_link_2":"","button_style_secondary_2":false}}},"block_order":["template--18288589963571__a492f292-af47-4d5e-8f89-9ad75770708b-heading-1","template--18288589963571__a492f292-af47-4d5e-8f89-9ad75770708b-text-1","template--18288589963571__a492f292-af47-4d5e-8f89-9ad75770708b-button-1"],"custom_css":["@media screen and (min-width: 750px) {.rich-text__wrapper {width: 40%; padding: 30px 0; background: #ff6969; }}",".rich-text__heading,.rich-text__text {color: #fff;}"],"settings":{"desktop_content_position":"center","content_alignment":"center","color_scheme":"background-1","full_width":true,"padding_top":40,"padding_bottom":52}}},"order":["cart-items","cart-footer","a492f292-af47-4d5e-8f89-9ad75770708b"]}