{"sections":{"image_banner":{"type":"image-banner","blocks":{"heading":{"type":"heading","settings":{"heading":"Image banner","heading_size":"h0"}},"text":{"type":"text","settings":{"text":"Give customers details about the banner image(s) or content on the template.","text_style":"body"}},"button":{"type":"buttons","settings":{"button_label_1":"Shop all","button_link_1":"shopify:\/\/collections\/all","button_style_secondary_1":true,"button_label_2":"","button_link_2":"","button_style_secondary_2":false}}},"block_order":["heading","text","button"],"disabled":true,"settings":{"image_overlay_opacity":40,"image_height":"large","desktop_content_position":"bottom-center","show_text_box":false,"desktop_content_alignment":"center","color_scheme":"background-1","mobile_content_alignment":"center","stack_images_on_mobile":false,"show_text_below":false}},"featured_collection":{"type":"featured-collection","disabled":true,"settings":{"title":"Featured products","heading_size":"h2","description":"","show_description":false,"description_style":"body","collection":"all","products_to_show":8,"columns_desktop":4,"full_width":false,"show_view_all":true,"view_all_style":"solid","enable_desktop_slider":false,"color_scheme":"background-1","image_ratio":"adapt","show_secondary_image":true,"show_vendor":false,"show_rating":false,"enable_quick_add":false,"columns_mobile":"2","swipe_on_mobile":false,"padding_top":28,"padding_bottom":36}},"core_banner_cd4DAP":{"type":"core-banner","blocks":{"section_text_block_bUc4Uf":{"type":"section-text-block","settings":{"block-text-content":"END OF SUMMER SALE","block-text-font-family":"","block-text-font-size-lg":"30px","block-text-font-size-sm":"16px","block-text-font-weight":"800","block-text-letter-spacing":"normal","block-text-letter-spacing-sm":"normal","block-text-line-height":"normal","block-text-line-height-sm":"normal","block-text-color":"#ffffff","block-color-gradient":"inherit","text-fill-color":"inherit","text-shadow":"inherit","text-padding-top":"0","text-padding-bottom":"0","text-padding-top-sm":"0","text-padding-bottom-sm":"0"}},"section_text_block_643NPm":{"type":"section-text-block","settings":{"block-text-content":"74% OFF","block-text-font-family":"","block-text-font-size-lg":"100px","block-text-font-size-sm":"16px","block-text-font-weight":"600","block-text-letter-spacing":"normal","block-text-letter-spacing-sm":"normal","block-text-line-height":"normal","block-text-line-height-sm":"normal","block-text-color":"#ffffff","block-color-gradient":"inherit","text-fill-color":"inherit","text-shadow":"inherit","text-padding-top":"0","text-padding-bottom":"0","text-padding-top-sm":"0","text-padding-bottom-sm":"0"}},"section_text_block_xC83dt":{"type":"section-text-block","settings":{"block-text-content":"Text Content Here…","block-text-font-family":"","block-text-font-size-lg":"22px","block-text-font-size-sm":"16px","block-text-font-weight":"normal","block-text-letter-spacing":"normal","block-text-letter-spacing-sm":"normal","block-text-line-height":"normal","block-text-line-height-sm":"normal","block-text-color":"#1e396b","block-color-gradient":"inherit","text-fill-color":"inherit","text-shadow":"inherit","text-padding-top":"0","text-padding-bottom":"0","text-padding-top-sm":"0","text-padding-bottom-sm":"0"}}},"block_order":["section_text_block_bUc4Uf","section_text_block_643NPm","section_text_block_xC83dt"],"settings":{"billboard-color-lg":"#ffffff","billboard-color-sm":"","billboard-bg-image-lg":"shopify:\/\/shop_images\/sa-end-of-summer-billboard-desktopFinal.gif","set-as-gif-banner":false,"content-position":"left","content-position-vertical":"center","text-align-desk":"center","text-align-sm":"center","section-padding-top-sm":"15px","section-padding-bottom-sm":"15px","section-padding-left-sm":"15px","section-padding-right-sm":"15px","height-desk":"38.125vw","height-mobile":"160vw","content-width-desktop":"39vw","content-position-right":"5vw","content-position-left":"5vw"}},"banner_zA7JeK":{"type":"banner","settings":{"billboard-bg-color":"","banner-text":""}}},"order":["image_banner","featured_collection","core_banner_cd4DAP","banner_zA7JeK"]}